file,executionTime,iterations,stripeSteps,totalSteps,executionTimeIcycle,iterationsIcycle,stripeStepsIcycle,totalStepsIcycle
0.txt,1.001596450805664,4,76,184,0.0,5,115,240
1.txt,0.0,5,95,225,0.0,5,150,240
10.txt,0.0,4,76,188,0.0,5,115,240
100.txt,0.0,4,76,188,0.9732246398925781,5,115,240
101.txt,0.0,4,72,184,0.9992122650146484,5,110,240
102.txt,0.0,4,68,184,1.0025501251220703,5,115,240
103.txt,0.0,5,130,235,0.0,5,140,240
104.txt,1.0094642639160156,5,110,230,0.0,5,130,240
105.txt,0.0,4,64,180,0.0,5,125,240
106.txt,0.0,5,110,230,0.5054473876953125,5,125,240
107.txt,0.0,4,68,184,0.0,5,110,240
108.txt,0.0,4,64,180,0.0,5,110,235
109.txt,0.0,4,64,184,0.0,5,115,240
11.txt,0.0,4,68,188,0.0,5,105,235
110.txt,1.0082721710205078,4,52,172,1.032114028930664,5,140,240
111.txt,0.0,4,60,180,0.0,5,100,235
112.txt,0.0,4,60,184,0.0,5,100,235
113.txt,0.0,4,68,180,0.0,5,125,240
114.txt,0.0,4,72,184,0.0,5,125,240
115.txt,0.0,4,72,188,0.0,5,115,240
116.txt,0.0,4,52,184,0.0,5,110,240
117.txt,0.9999275207519531,5,100,225,0.0,5,125,240
118.txt,0.0,4,68,188,0.0,4,80,188
119.txt,0.9999275207519531,5,100,225,0.0,5,140,240
12.txt,1.0004043579101562,4,60,180,0.0,4,76,188
120.txt,0.9999275207519531,4,60,180,0.0,5,115,240
121.txt,0.0,4,60,188,0.0,5,130,240
122.txt,1.0235309600830078,4,76,184,0.0,5,130,240
123.txt,0.99945068359375,4,68,180,0.0,4,72,188
124.txt,0.0,4,72,188,0.0,5,115,240
125.txt,0.0,4,72,184,0.0,5,115,240
126.txt,1.0292530059814453,5,110,235,0.0,5,110,240
127.txt,0.0,4,68,184,0.0,5,110,240
128.txt,0.0,4,64,176,0.9996891021728516,5,110,235
129.txt,0.0,4,84,188,1.001119613647461,4,76,188
13.txt,1.0056495666503906,4,64,180,0.0,5,110,235
130.txt,0.0,4,72,184,0.7765293121337891,5,110,235
131.txt,0.0,4,80,188,1.027822494506836,5,105,235
132.txt,0.0,4,76,188,0.0,5,140,240
133.txt,0.0,4,60,176,0.9968280792236328,5,115,240
134.txt,0.0,4,60,184,0.0,5,125,240
135.txt,0.0,4,60,180,0.0,4,80,192
136.txt,0.0,5,130,235,0.0,5,140,240
137.txt,1.0333061218261719,5,100,230,0.0,5,115,240
138.txt,0.0,4,60,176,1.2402534484863281,5,105,235
139.txt,0.0,4,76,180,0.0,5,125,240
14.txt,0.0,4,72,188,0.0,5,110,240
140.txt,0.0,5,110,225,0.0,5,130,240
141.txt,0.0,5,110,230,0.0,5,140,240
142.txt,0.0,4,76,184,0.0,5,130,240
143.txt,0.0,4,72,184,0.0,5,130,240
144.txt,0.0,4,80,188,0.0,5,100,235
145.txt,1.0008811950683594,4,60,188,0.0,5,115,240
147.txt,0.0,5,125,235,0.0,6,270,588
148.txt,0.0,4,64,180,1.0287761688232422,4,80,192
149.txt,1.547098159790039,4,80,184,0.0,5,115,240
15.txt,0.0,4,64,172,0.0,5,125,240
150.txt,1.0395050048828125,4,64,184,1.0020732879638672,5,110,240
151.txt,0.0,4,68,184,0.0,5,100,235
152.txt,1.0004043579101562,4,76,188,0.0,5,140,240
153.txt,0.0,4,64,176,1.0008811950683594,5,100,235
154.txt,0.0,4,44,176,0.0,5,115,240
155.txt,0.0,4,80,184,0.0,5,150,240
157.txt,0.9984970092773438,5,105,230,1.0294914245605469,6,276,588
158.txt,0.0,4,56,176,0.0,4,80,192
159.txt,0.0,4,72,184,0.0,5,100,235
16.txt,0.0,4,72,180,0.0,5,120,240
160.txt,0.0,4,76,188,1.0004043579101562,5,130,240
161.txt,0.0,4,80,188,0.0,5,125,240
162.txt,0.0,5,105,230,0.0,5,130,240
163.txt,0.0,5,120,225,0.0,5,140,240
164.txt,0.0,4,68,180,0.0,5,115,240
165.txt,0.0,4,80,180,0.0,5,160,240
166.txt,0.0,4,68,180,1.096963882446289,5,110,235
167.txt,0.0,4,68,188,1.001596450805664,5,110,240
168.txt,0.0,4,68,188,0.0,5,115,240
169.txt,0.0,5,115,230,0.0,5,115,240
17.txt,0.0,4,72,188,1.0385513305664062,5,110,235
170.txt,0.0,4,72,188,0.0,5,130,240
171.txt,1.0001659393310547,4,68,176,0.0,5,130,240
172.txt,0.0,4,80,188,0.0,5,115,240
174.txt,1.0001659393310547,4,72,184,0.995635986328125,6,252,588
175.txt,0.0,4,88,184,1.0383129119873047,5,120,240
176.txt,0.0,4,68,184,0.0,5,115,240
177.txt,0.0,4,68,180,0.0,5,115,240
178.txt,0.0,4,72,176,1.0004043579101562,5,115,240
179.txt,0.0,4,64,192,0.0,5,100,235
18.txt,0.9989738464355469,4,72,180,1.0037422180175781,5,115,240
180.txt,1.0006427764892578,4,68,184,0.0,5,120,240
181.txt,0.0,4,76,184,0.0,4,76,188
182.txt,0.5087852478027344,4,60,184,0.0,5,110,240
183.txt,0.0,4,80,188,0.0,5,125,240
184.txt,0.0,4,80,184,0.7770061492919922,5,125,240
185.txt,0.0,4,60,184,0.0,4,60,188
186.txt,0.0,4,60,176,0.0,5,100,235
187.txt,0.9999275207519531,4,72,180,0.0,4,76,188
188.txt,0.0,4,64,172,0.0,5,110,235
189.txt,0.0,4,72,176,0.0,5,125,240
19.txt,0.0,4,72,188,1.0356903076171875,5,125,240
190.txt,1.5442371368408203,4,80,184,0.0,5,115,240
191.txt,0.0,4,80,188,0.9996891021728516,5,125,240
192.txt,1.0001659393310547,5,110,235,0.0,5,140,240
193.txt,0.0,4,68,176,0.0,5,125,240
194.txt,0.0,4,64,180,0.9999275207519531,5,115,240
195.txt,0.0,4,60,180,1.0268688201904297,5,100,235
196.txt,0.0,4,68,180,0.0,5,110,235
197.txt,0.0,5,100,235,1.0273456573486328,5,145,240
198.txt,0.9794235229492188,5,100,230,0.9984970092773438,5,125,240
199.txt,1.0488033294677734,5,130,230,0.0,5,140,240
2.txt,0.0,4,68,184,1.0018348693847656,5,110,240
20.txt,1.001596450805664,4,72,180,0.99945068359375,5,125,240
200.txt,0.0,4,52,176,0.0,4,80,192
201.txt,0.9999275207519531,4,68,180,0.0,5,110,235
202.txt,0.0,4,68,188,0.0,4,68,192
203.txt,0.0,4,72,176,0.9725093841552734,4,76,188
205.txt,1.0073184967041016,4,76,188,0.99945068359375,6,300,588
206.txt,0.0,4,72,180,1.0023117065429688,5,110,235
207.txt,0.0,4,56,184,0.9961128234863281,5,115,240
208.txt,0.0,4,76,184,1.0004043579101562,5,120,240
209.txt,1.0013580322265625,4,76,188,1.0051727294921875,5,140,240
21.txt,0.0,4,76,184,0.0,5,110,240
210.txt,0.9999275207519531,4,72,188,0.0,5,110,240
211.txt,1.001119613647461,4,68,188,0.0,5,125,240
212.txt,0.9996891021728516,4,84,184,0.0,5,125,240
213.txt,0.0,5,120,240,0.0,5,125,240
214.txt,0.0,4,64,184,0.0,4,80,192
215.txt,0.0,4,68,188,1.0018348693847656,5,125,240
216.txt,1.0001659393310547,5,100,230,0.0,5,110,240
217.txt,0.0,5,110,230,0.0,5,130,240
218.txt,1.0035037994384766,4,60,184,0.0,5,100,235
219.txt,0.9982585906982422,4,72,180,1.001596450805664,5,130,240
22.txt,0.0,5,105,240,0.0,5,110,240
220.txt,1.0008811950683594,4,80,188,1.5094280242919922,5,130,240
221.txt,0.9999275207519531,4,76,180,0.9996891021728516,5,115,240
222.txt,0.9827613830566406,4,84,188,1.0006427764892578,5,120,240
223.txt,0.0,4,56,188,0.0,5,105,235
224.txt,1.0001659393310547,4,64,180,0.0,4,80,192
225.txt,0.0,4,92,188,1.0492801666259766,5,165,240
226.txt,0.0,4,72,180,0.0,4,72,188
227.txt,0.0,4,68,180,0.9980201721191406,5,100,235
228.txt,0.0,4,56,180,0.0,5,110,235
229.txt,1.0061264038085938,5,105,240,0.0,5,125,240
23.txt,0.0,5,100,230,0.9999275207519531,5,130,240
230.txt,0.0,4,76,192,0.9984970092773438,5,115,240
231.txt,1.0063648223876953,5,105,240,1.0402202606201172,5,130,240
232.txt,0.0,4,64,180,0.0,5,125,240
233.txt,1.3120174407958984,4,52,184,0.0,5,110,235
234.txt,0.0,4,68,180,0.9863376617431641,4,68,184
235.txt,0.0,4,76,180,1.0089874267578125,5,100,235
236.txt,0.0,4,68,184,0.5037784576416016,5,115,240
237.txt,0.0,4,60,180,1.5058517456054688,5,130,240
238.txt,0.0,4,68,180,0.0,5,110,240
239.txt,0.0,4,60,180,0.0,4,80,192
24.txt,0.0,4,64,188,1.0001659393310547,5,110,235
240.txt,0.0,4,56,172,1.0001659393310547,5,120,235
241.txt,0.0,4,68,180,0.0,5,125,240
242.txt,0.0,4,44,176,1.0113716125488281,4,76,188
243.txt,0.0,5,115,230,0.0,5,140,240
244.txt,0.0,5,100,230,0.0,5,115,240
245.txt,0.0,4,84,184,0.0,5,115,240
246.txt,0.0,4,68,176,0.0,5,125,240
247.txt,0.0,4,72,180,0.9968280792236328,5,125,240
248.txt,0.0,4,68,180,0.0,5,125,240
249.txt,0.5409717559814453,4,92,180,0.0,5,115,240
25.txt,0.0,4,72,180,1.2729167938232422,5,125,240
250.txt,0.0,4,72,180,0.0,5,125,240
251.txt,0.0,4,68,188,0.0,4,68,188
252.txt,0.0,4,68,184,0.0,5,115,240
253.txt,0.0,4,68,176,0.0,5,115,240
254.txt,0.0,4,56,180,0.0,5,125,240
255.txt,0.0,4,76,188,0.0,5,110,235
256.txt,0.9982585906982422,4,64,184,1.0001659393310547,5,125,240
257.txt,0.0,4,76,184,1.0061264038085938,5,125,240
258.txt,0.0,5,105,230,0.0,5,130,240
259.txt,0.0,4,80,184,0.99945068359375,5,130,240
26.txt,1.0113716125488281,4,72,184,0.0,4,80,192
260.txt,0.0,5,115,235,0.0,5,125,240
261.txt,0.0,4,64,176,0.0,5,125,240
262.txt,1.0273456573486328,4,68,188,0.0,5,110,240
263.txt,0.0,4,64,184,0.0,5,115,240
264.txt,0.0,4,68,180,0.0,5,110,240
266.txt,0.0,4,72,184,1.268148422241211,6,246,588
267.txt,0.9927749633789062,4,68,184,0.0,5,110,240
268.txt,0.9779930114746094,4,76,184,0.0,5,125,240
269.txt,0.0,4,68,184,0.0,5,125,240
27.txt,0.0,4,76,180,0.0,5,150,240
270.txt,0.0,4,56,180,0.0,5,125,240
271.txt,0.0,4,68,180,0.0,5,100,235
272.txt,0.0,4,68,188,1.001119613647461,5,110,235
273.txt,0.0,4,72,176,0.9992122650146484,5,115,240
274.txt,0.0,4,64,180,1.0056495666503906,4,80,192
275.txt,0.0,4,64,180,1.0018348693847656,5,115,240
276.txt,0.0,4,68,180,1.0001659393310547,5,125,240
277.txt,0.0,4,60,180,0.0,5,105,235
278.txt,1.0001659393310547,4,64,184,0.0,5,110,235
279.txt,0.0,4,52,172,0.0,5,115,240
28.txt,0.0,4,72,184,0.0,5,115,240
280.txt,0.0,4,72,180,1.5091896057128906,5,125,240
281.txt,0.9720325469970703,4,64,180,0.0,5,140,240
282.txt,0.0,4,68,184,0.9975433349609375,5,110,235
283.txt,1.0006427764892578,4,72,188,0.0,5,100,235
284.txt,0.0,4,72,184,0.0,5,130,240
285.txt,0.0,4,68,180,0.0,5,115,235
286.txt,0.0,4,64,180,0.0,5,130,240
287.txt,0.0,4,48,180,0.0,5,110,240
288.txt,0.0,5,100,235,0.99945068359375,5,110,235
29.txt,0.0,4,48,188,0.0,4,84,188
290.txt,1.0113716125488281,4,76,180,0.0,6,294,588
291.txt,0.0,4,72,180,0.0,5,125,240
292.txt,0.0,4,68,176,0.0,5,110,240
293.txt,0.0,4,76,184,0.0,5,110,240
294.txt,0.9996891021728516,4,60,176,1.028299331665039,5,115,240
295.txt,1.0099411010742188,4,64,184,0.0,5,115,240
296.txt,0.8084774017333984,4,52,176,0.0,5,105,240
297.txt,1.001119613647461,4,72,184,0.0,4,80,192
298.txt,0.0,4,72,188,0.0,4,76,188
299.txt,0.0,5,115,230,0.0,5,125,240
30.txt,0.0,5,100,225,0.0,5,150,240
300.txt,0.0,4,72,184,0.0,5,110,235
301.txt,0.0,4,68,176,0.99945068359375,5,115,240
302.txt,0.0,4,52,180,0.0,5,110,235
303.txt,0.0,4,68,180,0.0,5,130,240
304.txt,0.0,4,64,172,0.6918907165527344,5,115,240
305.txt,0.0,5,100,220,0.0,5,130,240
306.txt,0.0,4,76,180,0.0,4,80,192
307.txt,0.0,4,80,188,0.0,5,95,235
308.txt,0.9980201721191406,4,68,188,0.0,5,115,240
309.txt,0.0,5,105,235,0.0,5,110,235
31.txt,0.0,4,80,184,1.0113716125488281,5,130,240
310.txt,0.0,5,130,230,1.0020732879638672,5,150,240
311.txt,0.0,4,68,188,0.0,5,150,240
312.txt,1.0380744934082031,5,110,235,0.0,5,115,240
313.txt,1.0454654693603516,4,68,176,0.9999275207519531,4,76,180
314.txt,0.9987354278564453,4,64,184,1.0001659393310547,5,110,240
315.txt,0.0,4,68,184,0.9725093841552734,5,115,240
316.txt,0.0,4,56,184,1.0068416595458984,5,110,235
317.txt,0.0,5,115,230,0.0,5,125,240
318.txt,0.0,5,105,230,0.0,5,115,240
319.txt,0.0,4,68,180,0.5135536193847656,5,115,240
32.txt,0.0,4,68,184,1.0061264038085938,5,140,240
320.txt,0.0,4,72,180,0.0,4,80,192
321.txt,0.0,4,68,180,0.0,5,110,235
322.txt,0.0,4,72,184,0.0,5,110,240
323.txt,0.0,4,64,184,0.5047321319580078,5,125,240
324.txt,0.9789466857910156,4,52,180,0.0,5,110,240
325.txt,0.0,5,115,230,0.9996891021728516,5,140,240
326.txt,1.0039806365966797,4,80,180,0.0,5,130,240
327.txt,0.0,4,68,184,1.0304450988769531,5,110,235
328.txt,1.0001659393310547,4,68,180,0.0,5,115,240
329.txt,0.9999275207519531,5,95,225,0.5044937133789062,5,130,240
33.txt,0.0,4,72,188,1.0404586791992188,5,100,235
330.txt,0.0,4,84,184,0.9617805480957031,5,150,240
331.txt,0.0,4,72,176,0.0,5,110,240
332.txt,0.0,4,72,180,0.0,5,130,240
333.txt,0.0,4,68,188,0.0,4,80,192
334.txt,0.0,4,76,184,0.0,5,115,240
335.txt,1.5039443969726562,5,95,235,0.0,5,105,235
336.txt,0.9996891021728516,4,60,184,0.0,5,100,235
337.txt,0.0,4,80,184,0.0,5,140,240
338.txt,0.0,4,72,184,0.0,5,125,235
339.txt,0.0,4,76,180,1.5110969543457031,5,125,240
34.txt,0.0,4,64,188,0.0,4,80,192
340.txt,0.0,4,68,180,0.0,5,115,240
341.txt,0.0,4,76,188,0.0,5,100,240
342.txt,1.0004043579101562,4,64,180,0.0,4,80,192
343.txt,1.0271072387695312,4,72,176,0.0,5,115,240
344.txt,0.0,4,72,184,0.0,5,110,235
345.txt,0.0,4,88,184,1.0101795196533203,5,130,240
346.txt,0.0,4,64,180,1.032114028930664,5,115,240
347.txt,0.0,4,64,180,0.0,5,125,240
348.txt,0.0,4,64,184,0.0,5,140,240
349.txt,0.0,4,72,184,1.5439987182617188,5,115,240
35.txt,0.0,4,64,180,0.0,5,115,240
350.txt,0.0,4,76,184,0.0,4,80,188
351.txt,0.0,4,60,176,0.0,5,110,240
353.txt,0.0,4,56,184,1.504659652709961,6,318,582
354.txt,0.0,4,64,180,0.0,4,76,188
355.txt,0.0,5,95,235,0.0,5,95,240
356.txt,1.0063648223876953,5,110,235,0.0,5,115,240
357.txt,0.0,4,68,180,0.0,5,115,240
358.txt,0.0,4,72,184,0.0,5,115,240
359.txt,1.0006427764892578,4,68,184,0.5097389221191406,5,110,235
36.txt,0.0,4,60,180,1.0018348693847656,5,115,240
360.txt,0.0,4,60,184,0.995635986328125,4,80,192
361.txt,1.0004043579101562,4,68,180,0.0,5,110,240
362.txt,0.0,4,60,184,0.0,4,80,192
363.txt,1.0006427764892578,5,105,225,0.0,5,110,230
364.txt,1.0077953338623047,4,72,180,0.9999275207519531,5,130,240
365.txt,0.0,4,76,184,0.9999275207519531,5,115,240
366.txt,0.0,4,64,180,0.0,5,115,240
367.txt,1.0008811950683594,5,110,225,1.0023117065429688,5,130,240
368.txt,0.0,4,80,188,0.0,5,110,240
369.txt,0.0,4,72,176,0.0,5,125,240
37.txt,0.0,4,72,188,0.9977817535400391,4,76,188
370.txt,0.0,4,64,180,0.0,5,100,235
371.txt,0.0,5,110,230,0.995635986328125,5,130,240
372.txt,0.0,4,68,176,0.0,5,115,240
373.txt,0.0,4,64,180,0.0,5,140,245
374.txt,0.9996891021728516,4,68,188,0.0,5,160,240
375.txt,0.9996891021728516,4,72,180,1.04522705078125,5,150,240
376.txt,0.0,4,72,184,1.0426044464111328,4,72,188
377.txt,0.0,4,76,188,0.0,5,115,240
378.txt,0.9992122650146484,4,68,184,0.5471706390380859,5,125,240
379.txt,1.0001659393310547,4,68,184,1.0001659393310547,5,110,240
38.txt,0.0,4,80,184,0.0,5,110,235
380.txt,0.0,4,64,184,1.0063648223876953,5,125,240
381.txt,0.0,4,72,180,0.0,5,125,240
382.txt,0.0,4,48,180,1.0004043579101562,5,115,240
383.txt,0.0,4,88,188,0.0,5,125,240
384.txt,0.0,5,95,220,0.6074905395507812,5,130,240
385.txt,0.5080699920654297,4,60,180,0.9984970092773438,5,100,235
386.txt,1.004934310913086,5,115,230,0.0,5,125,240
387.txt,0.9999275207519531,4,68,180,0.0,4,68,188
388.txt,0.9999275207519531,4,72,184,1.0445117950439453,5,110,235
389.txt,0.0,4,72,176,0.5118846893310547,5,125,240
39.txt,0.0,4,72,188,0.0,5,115,240
390.txt,0.0,4,76,188,1.01470947265625,5,150,240
391.txt,0.9958744049072266,4,68,176,1.0006427764892578,5,100,235
392.txt,0.0,4,60,176,0.0,5,125,240
393.txt,0.0,4,68,184,0.0,5,130,240
394.txt,0.0,4,64,180,1.0001659393310547,5,130,240
395.txt,0.0,4,64,184,0.0,5,115,240
396.txt,0.9996891021728516,4,80,188,0.0,5,125,240
397.txt,0.9992122650146484,4,80,184,1.0025501251220703,4,80,192
398.txt,0.0,5,110,240,0.9975433349609375,5,110,240
399.txt,1.0001659393310547,5,105,235,0.0,5,125,240
4.txt,0.0,4,60,180,0.5342960357666016,6,252,588
40.txt,0.0,4,72,184,0.9975433349609375,5,110,235
400.txt,0.0,4,56,176,0.5049705505371094,5,100,235
401.txt,0.0,5,100,225,0.0,5,115,240
402.txt,1.5363693237304688,5,110,230,0.9999275207519531,5,115,240
403.txt,0.0,4,76,188,0.0,5,115,240
405.txt,0.0,4,64,176,0.51116943359375,6,324,588
406.txt,0.0,4,60,184,0.0,5,110,235
407.txt,0.0,5,105,230,0.0,4,80,192
408.txt,0.0,4,60,180,0.0,5,130,240
409.txt,1.003265380859375,4,72,184,0.0,5,100,235
41.txt,0.0,4,76,180,0.0,5,125,240
410.txt,0.0,5,100,230,0.0,5,115,240
411.txt,0.0,4,72,188,0.0,5,130,240
412.txt,0.0,4,60,180,0.9987354278564453,4,80,192
413.txt,1.0004043579101562,5,105,235,0.0,5,110,235
414.txt,0.0,4,68,180,0.0,5,100,235
415.txt,0.0,4,56,180,0.0,5,110,235
416.txt,0.0,4,80,188,0.0,5,120,240
417.txt,0.6906986236572266,4,84,184,0.9996891021728516,5,125,240
418.txt,0.0,4,72,184,0.0,5,115,240
419.txt,0.0,4,84,184,0.0,5,125,240
42.txt,1.0056495666503906,5,100,225,0.0,5,130,240
420.txt,0.0,4,76,184,0.0,5,150,240
421.txt,0.0,4,76,184,1.0001659393310547,5,150,240
422.txt,0.0,4,76,180,1.0013580322265625,5,125,240
423.txt,1.0001659393310547,4,60,180,0.0,5,110,235
424.txt,0.0,5,115,240,0.0,5,120,240
425.txt,1.0063648223876953,4,80,184,0.0,5,115,240
426.txt,0.0,4,68,180,0.0,5,115,240
427.txt,0.0,4,52,176,1.5025138854980469,5,115,240
428.txt,0.0,5,125,230,1.0004043579101562,5,150,240
429.txt,0.0,5,115,235,1.001119613647461,5,115,240
43.txt,1.004934310913086,4,52,180,0.0,4,76,188
430.txt,0.0,4,56,180,0.0,5,110,235
431.txt,0.0,4,60,180,1.0695457458496094,4,80,192
432.txt,0.0,4,76,184,1.0020732879638672,5,105,235
433.txt,0.0,4,60,176,0.0,5,115,240
434.txt,0.0,4,64,184,0.5054473876953125,5,110,235
435.txt,0.0,4,84,184,0.0,5,130,240
436.txt,0.0,4,60,184,0.0,5,130,240
437.txt,0.0,4,68,176,0.0,5,100,235
438.txt,0.0,4,52,176,0.0,5,100,235
439.txt,0.0,4,60,176,1.5060901641845703,5,125,240
44.txt,0.0,4,64,176,0.0,5,115,240
440.txt,0.0,4,64,184,0.0,4,80,192
441.txt,0.0,4,72,180,1.0008811950683594,5,130,240
442.txt,1.0063648223876953,4,72,184,0.0,5,130,240
443.txt,0.0,5,130,230,0.0,5,160,240
444.txt,0.0,5,105,225,0.0,5,130,240
445.txt,0.9999275207519531,4,68,184,1.0068416595458984,5,130,240
446.txt,0.0,5,115,235,0.0,5,115,240
447.txt,0.0,4,68,180,0.0,5,130,240
448.txt,0.6327629089355469,4,72,188,0.0,5,110,240
449.txt,0.0,4,60,180,0.0,5,115,240
450.txt,0.0,4,68,184,1.0004043579101562,5,130,240
451.txt,1.1548995971679688,4,64,184,1.039743423461914,5,100,235
452.txt,0.0,4,76,188,0.0,5,125,240
453.txt,0.0,4,60,176,0.0,5,115,240
454.txt,0.9999275207519531,4,60,184,0.0,4,80,192
455.txt,0.5445480346679688,5,100,230,0.99945068359375,5,105,235
456.txt,0.0,4,80,184,1.3399124145507812,5,130,240
457.txt,0.0,4,76,188,0.0,5,110,240
458.txt,1.5437602996826172,4,80,188,0.0,5,115,240
459.txt,0.0,4,80,180,0.99945068359375,5,130,240
46.txt,0.0,4,76,188,1.0023117065429688,6,264,588
460.txt,0.0,4,76,184,0.0,5,125,240
461.txt,1.0192394256591797,4,64,188,1.0066032409667969,4,84,188
462.txt,0.0,4,56,176,0.0,5,115,240
463.txt,0.0,4,80,180,0.0,5,105,235
464.txt,0.0,4,68,180,1.0323524475097656,5,125,240
465.txt,0.0,4,52,180,0.0,5,110,235
466.txt,0.0,5,100,230,0.0,5,130,240
467.txt,1.0025501251220703,4,60,180,1.5058517456054688,5,105,235
468.txt,0.0,4,72,176,1.0018348693847656,5,125,240
469.txt,0.0,4,60,184,0.0,5,125,240
47.txt,0.0,4,84,184,0.0,5,125,240
471.txt,0.0,4,56,172,0.0,6,318,582
472.txt,0.0,4,64,188,0.0,4,80,192
473.txt,0.0,4,72,180,1.0280609130859375,5,125,240
474.txt,0.7395744323730469,4,76,180,1.0013580322265625,5,140,240
475.txt,0.0,4,76,184,0.0,5,110,235
476.txt,0.0,4,76,188,0.0,5,115,240
477.txt,0.0,4,60,184,1.0268688201904297,4,84,188
478.txt,0.0,4,64,184,0.0,5,100,235
479.txt,0.0,4,60,180,0.0,4,76,188
48.txt,0.0,4,64,184,1.0063648223876953,5,115,240
480.txt,1.5323162078857422,4,72,188,0.0,5,110,235
481.txt,0.0,4,64,180,0.0,4,80,192
482.txt,0.0,4,72,184,0.0,5,110,235
483.txt,0.0,4,64,180,1.0001659393310547,5,115,240
484.txt,0.0,4,80,184,0.0,5,115,240
485.txt,0.0,4,60,176,0.0,5,110,240
486.txt,0.0,4,68,176,1.0344982147216797,5,115,240
487.txt,0.6382465362548828,5,110,240,0.0,5,130,240
488.txt,0.9996891021728516,4,80,184,0.0,5,125,240
489.txt,0.0,4,64,188,1.0082721710205078,4,84,192
49.txt,0.0,4,84,184,0.0,4,84,188
490.txt,0.0,4,64,176,0.0,5,130,240
491.txt,0.0,4,64,180,1.0001659393310547,5,100,235
492.txt,1.0061264038085938,4,64,188,0.0,5,125,240
493.txt,1.005411148071289,4,72,180,0.0,5,110,235
494.txt,0.0,4,68,184,0.0,5,115,240
495.txt,0.0,4,68,180,1.0445117950439453,5,125,240
496.txt,1.0063648223876953,4,68,184,0.0,5,115,240
497.txt,0.0,4,76,184,1.0116100311279297,5,125,240
498.txt,0.0,5,110,230,0.0,5,125,240
499.txt,0.0,4,60,176,0.0,5,130,240
5.txt,0.0,4,68,176,1.0004043579101562,5,110,240
50.txt,0.0,4,84,192,0.0,5,130,240
500.txt,0.0,4,68,180,1.0342597961425781,5,100,235
501.txt,0.0,4,72,184,0.0,4,72,188
502.txt,0.0,4,64,180,0.0,5,115,240
503.txt,0.0,4,72,184,0.0,5,110,240
504.txt,0.0,4,68,180,0.0,4,80,192
505.txt,0.0,4,72,184,1.1250972747802734,5,110,235
506.txt,0.0,5,130,235,0.0,5,130,240
507.txt,0.0,4,56,184,0.0,5,125,240
508.txt,0.0,4,76,184,0.0,5,130,240
509.txt,0.0,4,68,184,0.0,5,115,240
51.txt,0.0,4,72,184,0.9992122650146484,5,130,240
510.txt,0.9973049163818359,4,76,184,1.0445117950439453,5,110,235
511.txt,0.0,4,68,188,0.0,5,115,240
512.txt,1.0344982147216797,4,68,184,0.0,5,105,235
513.txt,0.0,4,68,176,1.0306835174560547,5,110,235
514.txt,0.0,4,56,176,0.0,5,110,240
515.txt,0.0,4,56,180,0.0,5,100,235
516.txt,0.0,5,105,235,0.0,5,110,235
517.txt,1.001119613647461,4,64,180,0.0,5,110,235
518.txt,0.0,4,72,184,1.0004043579101562,5,110,240
519.txt,0.0,4,84,180,0.0,5,115,240
52.txt,1.0361671447753906,5,110,230,1.0001659393310547,5,140,240
520.txt,0.0,4,64,180,0.0,4,80,192
521.txt,0.0,5,95,225,0.9586811065673828,5,125,240
522.txt,0.0,4,72,188,1.0013580322265625,5,130,240
523.txt,0.9987354278564453,4,68,184,0.0,5,120,240
524.txt,0.0,4,60,184,1.0001659393310547,5,125,240
525.txt,1.0001659393310547,4,56,184,0.0,5,125,240
526.txt,1.001596450805664,4,72,180,0.0,5,115,240
527.txt,0.0,4,68,180,1.0080337524414062,5,125,240
528.txt,0.0,5,110,230,0.0,5,150,240
529.txt,0.0,4,60,176,0.0,5,125,240
53.txt,0.0,4,60,180,0.0,4,76,188
531.txt,0.0,4,76,184,0.0,6,264,588
532.txt,0.0,4,72,184,0.0,5,125,240
533.txt,0.0,4,72,184,0.0,5,115,240
534.txt,0.0,5,100,230,0.0,5,130,240
535.txt,1.505136489868164,5,105,230,0.0,5,140,240
536.txt,0.0,4,68,184,0.0,5,115,240
537.txt,0.0,5,105,225,0.0,5,115,240
538.txt,1.003265380859375,4,80,184,0.0,5,140,240
539.txt,0.0,4,84,184,1.5358924865722656,5,125,240
54.txt,1.0001659393310547,4,64,184,0.0,5,130,240
540.txt,0.0,5,105,230,0.0,5,125,240
541.txt,0.0,4,72,184,0.0,5,100,235
542.txt,0.0,5,120,235,1.0266304016113281,5,165,245
543.txt,1.0001659393310547,4,72,184,0.988006591796875,5,115,240
544.txt,0.5047321319580078,4,68,184,1.0027885437011719,5,100,235
545.txt,0.0,4,72,188,1.0063648223876953,5,115,240
546.txt,1.0008811950683594,4,76,184,0.0,5,100,235
547.txt,1.0068416595458984,4,84,184,0.0,5,135,240
548.txt,0.0,4,60,180,0.0,5,100,235
549.txt,0.0,4,64,180,0.5023479461669922,5,110,235
55.txt,0.0,4,64,188,0.0,5,115,240
550.txt,0.0,4,72,184,0.0,5,115,240
551.txt,0.0,4,76,176,1.0004043579101562,5,110,235
552.txt,0.0,4,72,188,1.0380744934082031,5,115,240
553.txt,1.0051727294921875,5,110,225,0.0,5,160,240
554.txt,0.0,4,64,176,1.0008811950683594,5,115,240
555.txt,0.0,5,115,235,0.0,5,125,240
556.txt,0.0,4,72,176,0.0,5,125,240
557.txt,0.0,4,68,180,0.0,5,110,235
558.txt,0.0,5,130,240,0.0,5,130,240
56.txt,1.0349750518798828,5,115,230,0.0,5,150,240
560.txt,0.0,5,110,225,0.0,5,130,240
561.txt,0.0,4,60,180,0.0,5,115,240
562.txt,0.0,4,72,184,0.0,5,125,240
563.txt,0.0,4,68,184,0.0,5,130,240
564.txt,0.0,4,88,184,1.035928726196289,5,140,240
565.txt,1.0297298431396484,4,68,188,0.0,5,125,240
566.txt,0.0,4,76,188,0.9975433349609375,5,120,240
567.txt,1.010894775390625,4,68,188,0.0,5,110,235
568.txt,0.0,4,64,180,0.5445480346679688,5,130,240
569.txt,0.0,5,95,230,0.0,5,140,240
57.txt,0.0,4,72,184,0.0,5,125,240
570.txt,0.0,4,72,184,0.0,4,76,188
571.txt,0.5068778991699219,4,68,184,0.0,5,110,240
572.txt,1.1565685272216797,4,68,180,0.0,5,110,235
573.txt,0.0,5,120,230,0.0,5,150,240
574.txt,0.0,4,68,184,1.027822494506836,5,115,240
575.txt,0.0,4,52,184,1.0352134704589844,5,110,235
576.txt,0.0,4,64,184,1.0001659393310547,5,125,240
577.txt,0.0,5,105,230,1.0001659393310547,5,125,240
578.txt,0.0,4,68,184,1.0018348693847656,5,115,240
579.txt,0.0,4,64,180,0.0,5,110,235
58.txt,0.0,4,60,176,0.0,4,80,188
580.txt,0.0,4,68,180,0.0,5,115,240
581.txt,0.0,4,64,176,0.0,5,115,240
582.txt,1.0013580322265625,4,68,180,0.0,5,115,240
583.txt,0.5354881286621094,4,64,184,0.0,5,110,235
584.txt,0.0,4,68,184,0.0,5,125,240
585.txt,0.0,4,84,184,2.2940635681152344,5,130,240
586.txt,1.508474349975586,4,72,184,0.0,5,110,235
587.txt,0.0,4,72,176,1.0118484497070312,5,125,240
588.txt,1.032114028930664,5,105,235,0.0,5,140,240
589.txt,0.0,4,76,176,0.0,5,130,240
59.txt,0.0,4,56,176,1.0004043579101562,5,110,240
590.txt,0.0,4,68,184,0.9963512420654297,5,115,240
591.txt,0.0,4,64,180,0.0,5,125,240
592.txt,0.0,4,76,184,1.0013580322265625,5,125,240
593.txt,0.0,4,60,180,0.0,5,110,240
594.txt,0.0,5,100,230,0.0,5,130,230
595.txt,1.008749008178711,4,64,188,1.0571479797363281,5,125,240
596.txt,0.0,4,76,184,0.0,5,130,240
597.txt,1.0967254638671875,4,64,188,1.009225845336914,5,115,240
598.txt,0.0,4,84,184,1.008749008178711,5,140,240
599.txt,0.0,4,64,188,0.0,5,115,240
6.txt,1.0097026824951172,4,64,188,0.0,4,84,188
60.txt,0.9999275207519531,4,64,180,0.9987354278564453,5,125,240
600.txt,0.0,4,64,180,1.0075569152832031,5,130,240
601.txt,0.0,4,68,184,1.001119613647461,5,115,240
602.txt,0.0,4,56,180,0.9984970092773438,5,110,240
603.txt,1.5175342559814453,4,68,184,1.008749008178711,5,125,240
604.txt,0.0,4,68,184,0.5052089691162109,5,115,240
605.txt,1.0082721710205078,4,64,180,0.9996891021728516,5,125,240
606.txt,1.0008811950683594,4,64,184,0.0,5,100,235
607.txt,0.0,5,120,230,1.0018348693847656,5,140,240
608.txt,0.0,4,72,188,0.0,5,110,240
609.txt,0.9992122650146484,5,115,230,0.0,5,115,240
61.txt,0.0,4,64,176,0.5109310150146484,4,80,192
610.txt,1.0025501251220703,5,110,230,1.0066032409667969,5,110,235
611.txt,1.0061264038085938,4,56,176,1.003265380859375,5,110,235
612.txt,1.0001659393310547,4,72,184,0.0,5,125,240
613.txt,0.0,4,72,180,0.0,5,130,240
614.txt,1.0018348693847656,4,64,180,0.0,5,115,240
615.txt,0.0,4,68,180,1.005411148071289,5,110,240
616.txt,1.0006427764892578,4,72,184,0.9987354278564453,5,115,240
617.txt,0.0,4,68,180,0.9999275207519531,5,130,240
618.txt,0.9996891021728516,4,68,184,0.99945068359375,4,80,192
619.txt,1.0113716125488281,5,115,235,1.0039806365966797,5,125,240
62.txt,1.004934310913086,4,72,184,0.9999275207519531,5,115,240
620.txt,0.0,4,72,184,0.0,4,80,192
621.txt,0.0,4,60,184,0.9973049163818359,5,115,240
622.txt,1.1878013610839844,4,76,184,0.0,5,125,240
623.txt,0.0,5,110,225,0.0,5,115,240
624.txt,0.0,4,60,184,1.0135173797607422,5,115,240
625.txt,0.9984970092773438,4,64,184,0.0,5,130,240
626.txt,0.0,4,72,180,0.0,5,110,240
627.txt,0.0,4,68,180,0.0,4,80,192
628.txt,0.0,4,44,172,1.0135173797607422,5,115,240
629.txt,1.0097026824951172,4,60,180,0.0,5,110,240
63.txt,0.0,4,72,188,0.9975433349609375,5,130,240
630.txt,0.0,4,72,184,1.5087127685546875,5,110,240
631.txt,0.99945068359375,4,72,180,1.0037422180175781,5,110,235
632.txt,0.0,4,72,180,0.0,5,115,240
633.txt,1.001596450805664,4,80,184,0.0,5,115,240
634.txt,1.0008811950683594,4,68,176,1.0063648223876953,5,125,240
635.txt,0.0,4,72,176,0.0,5,115,240
636.txt,0.0,4,44,180,0.0,5,115,240
637.txt,0.0,4,68,180,0.9989738464355469,5,110,240
638.txt,1.0001659393310547,4,76,180,1.0037422180175781,5,125,240
639.txt,0.0,4,76,180,0.0,5,100,235
64.txt,0.0,4,76,184,0.0,5,120,240
640.txt,0.5128383636474609,4,64,180,0.0,5,115,240
641.txt,0.0,4,76,188,0.972747802734375,4,76,184
642.txt,1.0058879852294922,4,60,188,0.9787082672119141,5,115,240
643.txt,0.9982585906982422,5,110,230,0.0,5,130,240
644.txt,0.0,4,64,180,0.0,5,140,240
647.txt,0.0,4,76,184,0.9996891021728516,6,306,888
648.txt,0.0,5,100,225,1.0006427764892578,5,110,235
649.txt,1.001596450805664,4,64,180,0.0,4,76,188
65.txt,1.0006427764892578,4,76,184,1.0006427764892578,5,115,240
650.txt,0.9996891021728516,4,60,180,0.0,5,110,235
651.txt,0.0,4,76,176,0.0,5,130,240
652.txt,0.0,4,68,180,0.0,5,130,240
653.txt,0.0,4,64,188,0.0,4,72,188
654.txt,0.0,4,68,184,0.9999275207519531,5,110,235
655.txt,0.9989738464355469,4,68,184,0.0,5,125,240
656.txt,0.0,4,56,176,0.9999275207519531,5,110,235
657.txt,0.0,4,64,188,0.0,5,110,240
658.txt,0.0,4,64,180,1.0094642639160156,5,115,240
659.txt,0.0,5,110,225,1.0068416595458984,5,130,235
66.txt,0.9987354278564453,4,72,180,0.5323886871337891,5,125,240
660.txt,0.0,4,72,180,1.0001659393310547,5,115,240
661.txt,0.0,4,72,188,0.0,5,130,240
662.txt,0.0,4,52,180,0.0,5,100,235
663.txt,0.0,4,76,188,0.0,5,115,240
664.txt,0.0,4,76,188,0.9982585906982422,5,130,240
665.txt,0.0,4,64,180,0.0,5,100,235
666.txt,0.0,4,64,176,0.0,4,80,192
668.txt,0.0,5,120,235,1.0025501251220703,6,276,588
669.txt,0.0,4,64,176,1.5528202056884766,5,130,240
67.txt,0.0,5,110,225,0.0,5,140,240
670.txt,0.0,4,64,184,0.9999275207519531,5,115,240
671.txt,0.0,4,60,176,1.0335445404052734,5,100,235
672.txt,0.0,4,60,184,0.0,5,110,240
673.txt,0.0,4,48,180,0.0,4,80,192
674.txt,0.0,4,72,184,0.9996891021728516,5,110,235
675.txt,0.0,4,80,192,1.0023117065429688,5,115,240
676.txt,1.051187515258789,4,68,188,0.0,5,125,240
677.txt,0.9989738464355469,5,100,230,1.0001659393310547,5,115,240
678.txt,0.0,5,120,235,0.0,5,140,240
679.txt,1.138925552368164,4,80,188,0.0,5,100,235
68.txt,0.0,4,72,184,0.0,5,110,240
681.txt,0.0,4,68,188,1.0387897491455078,6,282,588
682.txt,0.0,4,68,184,1.0094642639160156,5,110,235
683.txt,0.0,4,72,180,0.0,5,110,235
684.txt,0.0,4,80,184,0.0,5,130,240
685.txt,0.0,4,64,180,0.9706020355224609,5,115,240
686.txt,0.5452632904052734,4,68,180,0.9999275207519531,5,110,235
687.txt,0.0,4,68,180,0.0,5,105,235
688.txt,0.0,4,72,184,0.0,5,115,235
689.txt,0.0,4,76,180,0.0,5,110,240
69.txt,0.0,4,68,184,0.6830692291259766,5,125,240
690.txt,0.0,4,84,180,0.0,5,115,240
691.txt,1.0066032409667969,4,76,176,0.99945068359375,5,140,240
692.txt,0.0,4,56,180,0.0,5,110,240
693.txt,0.0,4,68,180,1.0061264038085938,4,80,192
694.txt,0.0,4,64,184,0.9999275207519531,5,110,235
695.txt,1.5430450439453125,4,72,188,1.5070438385009766,5,125,240
696.txt,0.0,4,60,184,0.0,5,110,235
697.txt,0.0,4,60,176,0.0,5,115,240
698.txt,1.013040542602539,4,60,184,1.0008811950683594,5,125,240
699.txt,0.0,4,72,184,0.9620189666748047,5,115,240
7.txt,0.0,4,76,184,0.0,5,140,240
70.txt,0.0,4,80,188,1.0318756103515625,4,80,192
700.txt,0.0,4,68,180,1.0292530059814453,5,100,235
701.txt,0.0,4,52,184,1.001119613647461,5,110,240
702.txt,0.0,4,64,184,0.0,5,110,240
703.txt,0.9992122650146484,4,48,168,0.0,5,110,240
704.txt,0.0,4,52,180,0.0,5,110,240
705.txt,0.0,4,64,184,0.9984970092773438,5,125,240
706.txt,0.0,4,64,184,0.0,4,80,192
707.txt,1.0061264038085938,4,80,184,0.0,4,76,188
708.txt,0.0,4,72,180,1.0004043579101562,5,115,240
709.txt,0.0,4,76,188,0.0,5,125,240
71.txt,0.0,4,56,176,0.0,4,84,188
710.txt,0.9992122650146484,5,110,230,0.0,5,140,235
711.txt,0.0,4,76,176,0.9722709655761719,5,130,240
712.txt,0.0,4,76,188,0.0,5,125,240
713.txt,0.9996891021728516,5,110,230,0.0,5,130,240
714.txt,0.0,4,64,184,0.0,5,115,235
715.txt,0.0,4,72,184,0.0,4,84,188
716.txt,0.0,5,105,230,0.5581378936767578,5,130,240
717.txt,0.0,4,84,188,0.0,5,125,240
718.txt,0.0,4,52,180,0.5521774291992188,5,115,240
719.txt,0.0,5,120,235,1.0116100311279297,5,130,240
72.txt,0.0,4,84,180,1.0044574737548828,5,115,240
720.txt,1.5325546264648438,4,84,188,0.0,5,125,240
722.txt,0.5383491516113281,4,76,180,0.0,6,264,588
723.txt,0.0,4,72,180,0.0,4,84,188
724.txt,0.0,4,72,180,0.0,5,115,240
725.txt,0.0,4,60,180,0.0,5,120,240
726.txt,0.9953975677490234,4,64,180,0.9958744049072266,5,110,240
727.txt,0.0,5,105,225,0.0,5,150,240
728.txt,0.0,5,110,230,0.0,5,120,240
729.txt,0.0,4,84,184,0.0,5,130,240
73.txt,0.0,5,110,235,0.0,5,130,240
730.txt,0.0,4,84,188,0.0,5,120,240
731.txt,0.0,4,76,180,0.9999275207519531,5,140,240
732.txt,0.0,4,76,180,0.0,5,110,240
733.txt,0.9999275207519531,4,76,184,0.0,5,115,235
734.txt,0.0,4,56,180,0.0,4,84,188
735.txt,0.0,5,110,235,0.0,5,140,240
736.txt,1.0063648223876953,4,76,184,0.5090236663818359,5,140,240
737.txt,0.9992122650146484,4,80,180,0.0,4,88,196
738.txt,0.0,4,80,184,0.0,5,125,240
739.txt,0.0,4,60,180,1.0116100311279297,5,110,240
74.txt,0.0,4,64,180,0.0,5,125,240
741.txt,0.0,4,84,188,0.0,5,115,240
742.txt,0.0,4,68,180,0.0,5,100,235
743.txt,0.0,5,100,225,0.0,5,140,240
744.txt,0.0,5,100,230,0.0,5,125,240
745.txt,0.0,4,56,184,0.0,5,115,240
746.txt,0.0,4,80,184,0.0,5,115,240
747.txt,0.0,4,64,184,0.0,5,115,240
748.txt,0.0,4,64,184,1.0287761688232422,5,115,240
749.txt,0.0,4,72,188,1.0344982147216797,5,110,240
75.txt,0.0,4,72,180,0.0,5,105,235
750.txt,1.0063648223876953,5,110,225,0.5054473876953125,5,125,240
751.txt,0.0,4,76,184,0.6504058837890625,4,76,188
752.txt,0.0,5,105,225,1.543283462524414,5,130,240
753.txt,1.0023117065429688,4,68,180,0.0,5,125,240
754.txt,0.0,4,64,180,0.9884834289550781,5,105,240
756.txt,1.0025501251220703,4,76,188,0.9987354278564453,6,288,582
757.txt,0.9820461273193359,5,110,235,0.0,5,125,240
758.txt,0.0,4,68,180,0.0,5,110,235
759.txt,1.5041828155517578,5,95,225,0.0,5,130,240
76.txt,1.0030269622802734,4,64,184,0.0,5,110,240
760.txt,0.0,4,60,180,0.0,5,115,240
761.txt,0.9999275207519531,5,115,235,0.0,5,125,240
762.txt,0.0,4,76,184,0.0,5,110,235
763.txt,0.0,5,110,225,0.0,5,130,240
764.txt,0.0,4,72,184,0.0,5,115,240
765.txt,0.0,4,72,184,0.0,4,80,192
766.txt,1.0135173797607422,4,72,180,0.0,5,125,240
767.txt,0.0,4,68,188,0.0,5,100,235
768.txt,0.0,4,76,184,0.0,5,130,240
769.txt,0.0,4,76,180,1.0001659393310547,4,76,184
77.txt,0.0,4,68,188,0.0,5,115,240
770.txt,0.0,4,68,180,0.0,5,115,240
771.txt,0.0,4,56,184,0.0,5,115,240
772.txt,0.0,4,52,180,0.9996891021728516,5,110,235
773.txt,1.0063648223876953,4,76,188,1.0037422180175781,5,105,235
774.txt,0.0,4,56,184,0.5214214324951172,5,110,235
775.txt,0.0,4,72,188,0.0,5,110,235
776.txt,1.0004043579101562,4,60,184,0.0,5,110,240
777.txt,1.0304450988769531,4,68,180,0.0,5,115,240
778.txt,0.9975433349609375,5,110,225,0.0,5,110,240
779.txt,0.0,5,105,230,0.5266666412353516,5,125,240
78.txt,1.0061264038085938,4,72,180,1.0001659393310547,5,130,240
780.txt,0.0,4,80,184,0.0,5,115,240
781.txt,0.0,4,68,188,0.0,5,125,240
782.txt,1.0006427764892578,4,60,184,0.9980201721191406,5,100,235
783.txt,0.0,5,90,225,0.0,5,95,230
784.txt,0.0,4,72,184,1.2249946594238281,5,110,240
785.txt,0.5121231079101562,4,68,184,0.0,5,115,240
786.txt,1.0135173797607422,4,72,188,1.0128021240234375,5,115,240
787.txt,0.0,5,105,230,0.0,5,105,240
788.txt,2.028226852416992,4,64,180,0.0,5,115,240
789.txt,0.0,4,52,176,0.0,5,110,235
79.txt,0.0,4,96,184,1.0395050048828125,5,145,240
790.txt,0.0,4,68,180,1.0004043579101562,5,100,235
791.txt,0.0,4,76,188,0.0,5,115,240
792.txt,0.0,4,60,184,1.0263919830322266,5,110,240
793.txt,0.5049705505371094,4,76,188,0.0,5,125,240
794.txt,0.0,4,60,184,1.028299331665039,5,125,240
795.txt,0.0,4,68,180,0.0,5,115,240
796.txt,0.0,5,100,230,1.001596450805664,4,80,192
797.txt,0.0,4,68,176,0.0,5,130,240
798.txt,0.0,4,68,188,0.0,5,125,240
8.txt,0.0,5,120,230,0.5209445953369141,5,140,240
80.txt,0.0,5,100,230,0.0,5,125,240
800.txt,0.0,4,68,180,1.5256404876708984,5,180,485
801.txt,0.0,4,76,184,1.005411148071289,5,110,240
802.txt,0.0,4,68,176,1.0004043579101562,4,80,192
803.txt,0.0,4,72,180,0.0,5,115,240
804.txt,0.0,4,76,188,0.0,5,125,240
805.txt,0.0,4,56,184,0.0,5,110,240
806.txt,0.0,4,64,188,1.0287761688232422,5,115,240
807.txt,0.9999275207519531,4,68,184,0.0,5,110,240
808.txt,0.0,4,72,188,0.0,5,125,240
809.txt,1.0006427764892578,4,76,176,0.0,5,130,240
81.txt,0.0,4,68,180,0.0,4,80,192
810.txt,0.0,4,64,180,1.0385513305664062,5,115,240
811.txt,0.0,4,68,180,1.0356903076171875,5,115,240
812.txt,0.0,4,64,184,0.0,4,80,188
813.txt,0.0,4,64,184,0.5116462707519531,5,115,240
814.txt,1.0025501251220703,4,64,188,0.0,5,115,240
815.txt,0.0,5,115,235,0.5338191986083984,5,130,240
816.txt,0.0,4,76,180,0.0,4,84,192
817.txt,0.0,4,60,180,0.0,5,125,240
818.txt,0.0,4,52,172,0.0,5,110,240
819.txt,0.0,4,68,184,0.0,5,125,240
82.txt,0.0,4,64,184,1.0001659393310547,5,110,240
820.txt,0.0,4,68,180,0.0,5,100,235
821.txt,0.5121231079101562,4,68,180,1.0120868682861328,5,105,235
822.txt,0.0,5,95,230,0.0,5,115,240
823.txt,0.0,4,72,188,0.9980201721191406,5,125,240
824.txt,1.5330314636230469,4,72,180,0.9984970092773438,5,110,240
825.txt,0.9987354278564453,4,72,188,0.0,5,115,240
826.txt,1.0352134704589844,4,56,188,0.9999275207519531,5,125,240
827.txt,0.5450248718261719,4,84,184,0.0,5,125,240
828.txt,0.0,4,84,184,1.0333061218261719,5,130,240
829.txt,0.0,4,64,180,0.0,5,130,240
83.txt,0.0,4,56,180,1.010894775390625,5,115,240
830.txt,0.0,5,105,235,0.9963512420654297,5,100,235
831.txt,0.0,4,60,180,1.0020732879638672,5,115,240
832.txt,0.0,5,105,230,0.0,5,150,240
833.txt,0.0,4,52,180,0.0,5,125,240
834.txt,0.0,4,68,184,0.0,5,110,240
835.txt,1.001596450805664,4,80,184,0.614166259765625,5,130,240
836.txt,0.0,5,125,235,0.0,5,140,240
837.txt,0.9999275207519531,5,100,230,0.5273818969726562,5,125,240
838.txt,0.0,5,100,235,0.0,5,130,240
839.txt,0.0,4,68,188,1.041412353515625,5,125,240
84.txt,0.0,4,64,180,1.0006427764892578,5,130,240
840.txt,0.0,4,64,176,0.0,5,110,235
841.txt,0.0,4,64,184,0.0,5,125,240
842.txt,0.0,4,76,184,0.0,4,76,184
843.txt,0.0,4,84,184,0.6930828094482422,5,140,240
844.txt,0.0,4,80,184,0.0,5,125,240
845.txt,0.0,4,76,188,1.0058879852294922,5,125,240
846.txt,0.0,5,105,230,0.9999275207519531,5,105,230
847.txt,0.0,4,84,184,0.0,5,125,240
848.txt,0.0,4,64,184,0.0,5,125,240
849.txt,0.0,4,76,184,0.3895759582519531,5,110,235
85.txt,1.0006427764892578,4,72,180,0.0,5,110,235
850.txt,0.0,4,68,184,0.0,5,125,240
851.txt,0.0,4,72,176,0.0,5,125,240
852.txt,0.0,4,72,184,0.0,5,110,235
853.txt,0.0,4,76,180,0.0,5,110,235
854.txt,0.0,4,56,188,0.0,5,115,240
855.txt,0.0,4,64,184,0.0,5,110,240
856.txt,0.5414485931396484,4,68,184,0.0,5,125,240
857.txt,1.0001659393310547,4,76,180,0.0,5,110,240
858.txt,0.0,4,64,184,0.0,4,64,188
859.txt,0.0,4,72,184,0.9999275207519531,5,115,240
86.txt,0.5373954772949219,4,68,180,0.9996891021728516,5,110,240
860.txt,0.0,5,105,225,0.0,5,115,240
861.txt,0.0,5,100,230,0.0,5,125,240
862.txt,0.0,4,84,188,0.0,4,84,192
863.txt,0.0,4,76,180,0.0,5,125,240
864.txt,1.0006427764892578,5,115,225,0.0,5,115,240
865.txt,0.0,4,88,184,0.0,5,130,245
866.txt,0.0,4,72,180,0.0,5,125,240
867.txt,0.0,4,68,184,0.0,5,115,235
868.txt,0.0,4,72,184,0.0,5,115,240
869.txt,1.0001659393310547,4,68,184,0.0,4,84,188
87.txt,0.0,4,56,180,1.276254653930664,5,110,240
870.txt,0.0,4,72,180,1.03759765625,5,115,240
871.txt,0.0,4,60,184,1.0037422180175781,5,130,240
872.txt,1.4514923095703125,4,84,188,1.0001659393310547,5,125,240
873.txt,0.0,4,72,184,0.0,5,110,240
874.txt,0.0,5,115,230,0.0,5,150,240
875.txt,0.0,4,64,184,0.0,5,125,240
876.txt,0.0,4,68,188,0.0,5,120,240
877.txt,0.0,5,95,230,1.0006427764892578,5,125,240
878.txt,1.0371208190917969,4,60,180,0.6351470947265625,5,125,240
879.txt,0.7770061492919922,4,76,184,1.0006427764892578,5,130,240
88.txt,0.0,5,110,230,0.0,5,125,240
880.txt,1.0004043579101562,4,68,184,0.0,5,125,240
881.txt,0.0,4,68,180,1.0023117065429688,5,100,235
882.txt,0.0,4,72,180,0.0,5,110,235
884.txt,0.0,4,72,180,0.0,6,276,582
885.txt,0.0,4,68,180,0.5123615264892578,5,125,240
886.txt,0.0,4,80,184,0.0,5,115,240
887.txt,0.0,5,100,225,0.0,5,125,240
888.txt,0.0,4,68,184,0.0,5,125,240
889.txt,0.0,4,72,180,0.0,5,110,235
89.txt,0.0,4,68,180,0.0,4,76,188
890.txt,0.0,4,76,184,0.0,4,76,188
891.txt,0.0,4,72,176,0.5114078521728516,5,140,240
892.txt,0.0,4,72,184,0.0,4,84,188
893.txt,0.0,4,56,180,0.9973049163818359,4,80,192
894.txt,0.0,4,68,180,0.0,5,115,240
895.txt,0.9930133819580078,5,100,235,1.0323524475097656,5,140,240
896.txt,0.0,5,115,240,0.9846687316894531,5,140,240
897.txt,0.0,4,72,188,1.0044574737548828,5,115,240
898.txt,0.0,4,68,184,0.0,4,80,192
899.txt,0.0,4,56,184,0.0,5,100,235
9.txt,0.0,4,64,180,1.0063648223876953,5,115,240
90.txt,0.0,4,80,184,1.0004043579101562,5,110,235
900.txt,0.0,4,76,184,1.0006427764892578,5,140,240
901.txt,0.0,4,60,176,1.0042190551757812,5,110,240
902.txt,0.0,4,56,184,0.0,4,56,188
903.txt,0.0,4,60,180,0.0,5,110,240
904.txt,0.0,5,90,230,0.9996891021728516,5,115,240
905.txt,0.0,4,44,176,0.0,5,100,235
906.txt,0.9999275207519531,4,80,184,0.0,5,125,240
907.txt,0.0,4,60,180,0.0,4,76,188
908.txt,0.0,4,72,176,0.0,5,150,240
909.txt,0.0,5,110,235,1.0099411010742188,5,130,240
91.txt,0.0,4,68,184,0.0,4,84,192
910.txt,0.0,4,68,184,1.0116100311279297,5,105,235
911.txt,1.0068416595458984,4,68,184,0.0,5,125,235
912.txt,1.0013580322265625,4,76,180,0.99945068359375,4,80,192
913.txt,0.0,4,80,184,0.0,5,125,240
914.txt,0.0,4,64,176,0.0,5,115,240
915.txt,1.0013580322265625,5,105,230,0.0,5,140,240
917.txt,1.033782958984375,4,72,184,1.0006427764892578,6,324,588
918.txt,0.9999275207519531,4,76,184,0.0,5,125,240
919.txt,0.0,4,80,184,1.0449886322021484,5,130,240
92.txt,0.0,5,130,230,0.0,5,135,235
920.txt,0.0,4,68,184,0.0,5,115,240
921.txt,0.0,4,80,176,0.0,5,130,240
922.txt,0.0,4,68,184,1.5082359313964844,5,125,240
923.txt,0.0,4,68,176,1.1365413665771484,5,110,235
924.txt,0.0,4,48,176,0.0,5,115,240
925.txt,0.0,4,76,188,1.0006427764892578,5,130,240
926.txt,0.9999275207519531,4,72,188,0.0,5,130,240
928.txt,0.0,4,80,180,1.5099048614501953,6,300,588
929.txt,0.0,4,76,188,0.0,5,140,240
93.txt,0.0,4,72,184,0.0,5,125,240
930.txt,0.0,4,68,176,0.0,5,115,240
931.txt,0.0,4,56,180,0.0,5,110,235
932.txt,0.0,4,68,188,0.0,5,115,240
933.txt,0.0,4,80,184,0.0,4,80,188
934.txt,0.9999275207519531,4,72,184,0.0,5,110,240
935.txt,0.0,4,72,184,1.0037422180175781,4,72,188
936.txt,0.0,4,52,172,0.0,4,80,192
937.txt,0.0,5,110,230,0.0,5,140,240
938.txt,0.6830692291259766,4,80,188,0.0,5,140,240
939.txt,1.0001659393310547,5,110,235,1.0280609130859375,5,140,240
94.txt,0.0,4,76,180,0.0,5,130,240
940.txt,1.0004043579101562,5,115,230,0.0,5,130,240
941.txt,0.0,4,64,180,0.0,5,115,240
942.txt,0.0,4,56,180,0.0,4,80,192
943.txt,0.0,4,72,188,0.0,4,84,192
944.txt,0.0,4,60,180,0.0,5,130,240
946.txt,0.0,4,72,188,0.6878376007080078,6,264,582
947.txt,1.0251998901367188,4,64,184,0.0,5,125,240
948.txt,0.0,4,64,180,0.0,5,125,240
949.txt,0.0,4,72,188,0.0,5,120,240
95.txt,1.054525375366211,4,52,184,0.0,5,115,240
950.txt,0.0,4,52,180,0.0,5,110,235
951.txt,0.0,4,72,180,1.5358924865722656,5,115,240
952.txt,0.0,4,64,180,0.0,5,115,240
953.txt,0.0,4,56,176,1.0364055633544922,5,100,235
954.txt,0.0,4,56,176,0.5114078521728516,4,76,188
955.txt,0.0,4,72,180,0.0,5,130,240
956.txt,0.0,4,60,184,0.0,5,110,240
957.txt,0.5340576171875,4,68,180,0.5183219909667969,5,115,240
958.txt,0.0,4,64,180,0.0,5,115,240
959.txt,0.0,5,130,235,1.0347366333007812,5,150,240
96.txt,0.0,4,60,180,0.0,5,115,240
960.txt,0.0,4,76,192,1.03759765625,5,125,240
961.txt,0.0,4,72,188,1.3034343719482422,5,115,240
962.txt,0.0,4,80,192,0.0,5,115,240
963.txt,0.0,4,68,180,0.0,5,125,240
964.txt,0.0,4,56,180,0.0,5,110,235
966.txt,0.0,4,64,184,0.0,6,306,588
967.txt,1.0335445404052734,4,72,188,0.0,5,110,240
968.txt,0.0,4,84,180,1.0411739349365234,5,125,240
969.txt,0.0,4,64,180,0.0,5,115,240
97.txt,0.0,4,48,172,1.0006427764892578,5,100,235
970.txt,0.0,4,68,184,1.0046958923339844,5,130,240
971.txt,0.0,4,76,188,0.0,5,115,240
972.txt,0.0,5,95,225,1.001119613647461,5,140,240
973.txt,0.0,4,72,180,0.0,5,100,235
974.txt,1.0035037994384766,4,60,184,0.0,5,110,235
975.txt,0.0,4,68,184,0.0,5,120,240
976.txt,1.0287761688232422,4,76,188,0.0,5,130,240
977.txt,0.0,5,110,230,1.001596450805664,5,130,240
978.txt,0.0,4,72,180,1.0101795196533203,4,80,192
979.txt,0.0,4,84,184,1.003265380859375,5,140,240
98.txt,0.0,4,56,184,0.0,4,80,192
980.txt,0.0,4,64,176,0.0,5,125,240
981.txt,0.0,4,64,184,1.0230541229248047,5,110,240
982.txt,1.0280609130859375,4,76,184,1.0058879852294922,5,115,240
983.txt,0.0,4,56,180,1.0001659393310547,5,110,235
984.txt,0.0,4,60,180,0.0,5,125,240
985.txt,0.0,4,84,180,0.0,5,125,240
986.txt,1.0004043579101562,5,95,235,0.0,5,130,240
987.txt,0.6730556488037109,4,68,184,0.0,5,110,240
988.txt,0.0,4,76,188,0.0,5,130,240
989.txt,1.001119613647461,4,68,184,0.0,4,84,188
99.txt,0.0,4,60,188,0.9999275207519531,5,100,235
990.txt,0.0,4,60,180,1.0030269622802734,4,76,188
991.txt,0.0,5,105,235,1.0058879852294922,5,130,240
992.txt,0.0,4,60,184,0.0,4,88,188
993.txt,0.0,5,100,230,1.0063648223876953,5,105,235
994.txt,1.0037422180175781,5,110,230,0.0,5,110,235
995.txt,0.9706020355224609,5,120,230,0.0,5,165,240
996.txt,0.0,4,68,184,0.0,5,130,240
997.txt,0.0,4,72,180,0.0,5,130,240
998.txt,1.0006427764892578,4,84,184,0.0,5,115,240
999.txt,1.0006427764892578,4,68,184,0.0,5,125,240
